{"cameraMode":{"drawMode":0,"name":"Shaded","section":"Shading Mode"},"sceneLighting":false,"audioPlay":false,"sceneViewState":{"showFog":true,"showMaterialUpdate":false,"showSkybox":false,"showFlares":true,"showImageEffects":true,"showParticleSystems":true},"in2DMode":false,"pivot":{"x":0.4200000762939453,"y":0.1844143271446228,"z":-7.179999351501465},"rotation":{"x":-0.03599139675498009,"y":0.7103127241134644,"z":-0.036552127450704578,"w":-0.7022706270217896},"size":2.9150421619415285,"orthographic":false}