{"cameraMode":{"drawMode":0,"name":"Shaded","section":"Shading Mode"},"sceneLighting":false,"audioPlay":false,"sceneViewState":{"showFog":true,"showMaterialUpdate":false,"showSkybox":false,"showFlares":true,"showImageEffects":true,"showParticleSystems":true},"in2DMode":false,"pivot":{"x":-0.5711681842803955,"y":7.53388786315918,"z":-17.97693634033203},"rotation":{"x":-0.013605326414108277,"y":0.7257127165794373,"z":-0.014403206296265126,"w":-0.6879618167877197},"size":2.9150421619415285,"orthographic":false}