{"cameraMode":{"drawMode":0,"name":"Shaded","section":"Shading Mode"},"sceneLighting":false,"audioPlay":false,"sceneViewState":{"showFog":true,"showMaterialUpdate":false,"showSkybox":false,"showFlares":true,"showImageEffects":true,"showParticleSystems":true},"in2DMode":false,"pivot":{"x":-0.17400002479553224,"y":0.13499999046325684,"z":32.26000213623047},"rotation":{"x":-0.05850263312458992,"y":0.7578880190849304,"z":-0.06866379827260971,"w":-0.6464408040046692},"size":0.4474301338195801,"orthographic":false}