{"cameraMode":{"drawMode":0,"name":"Shaded","section":"Shading Mode"},"sceneLighting":false,"audioPlay":false,"sceneViewState":{"showFog":true,"showMaterialUpdate":false,"showSkybox":false,"showFlares":true,"showImageEffects":true,"showParticleSystems":true},"in2DMode":false,"pivot":{"x":-0.04999995231628418,"y":0.1844143271446228,"z":-6.839999198913574},"rotation":{"x":0.025424500927329065,"y":-0.7114238142967224,"z":0.025922538712620736,"w":0.7020925283432007},"size":2.9150421619415285,"orthographic":false}