{"cameraMode":{"drawMode":0,"name":"Shaded","section":"Shading Mode"},"sceneLighting":false,"audioPlay":false,"sceneViewState":{"showFog":true,"showMaterialUpdate":false,"showSkybox":false,"showFlares":true,"showImageEffects":true,"showParticleSystems":true},"in2DMode":false,"pivot":{"x":0.23289990425109864,"y":0.9800000190734863,"z":0.06949996948242188},"rotation":{"x":0.10660463571548462,"y":-0.7066988945007324,"z":0.10888726264238358,"w":0.6907215118408203},"size":9.994189262390137,"orthographic":false}