{"cameraMode":{"drawMode":0,"name":"Shaded","section":"Shading Mode"},"sceneLighting":false,"audioPlay":false,"sceneViewState":{"showFog":true,"showMaterialUpdate":false,"showSkybox":false,"showFlares":true,"showImageEffects":true,"showParticleSystems":true},"in2DMode":false,"pivot":{"x":-6.057712554931641,"y":3.3823742866516115,"z":29.198944091796876},"rotation":{"x":0.031364478170871738,"y":-0.093121737241745,"z":0.002822969574481249,"w":0.9950268864631653},"size":21.910066604614259,"orthographic":false}