{"cameraMode":{"drawMode":0,"name":"Shaded","section":"Shading Mode"},"sceneLighting":false,"audioPlay":false,"sceneViewState":{"showFog":true,"showMaterialUpdate":false,"showSkybox":false,"showFlares":true,"showImageEffects":true,"showParticleSystems":true},"in2DMode":false,"pivot":{"x":0.2200000137090683,"y":0.6999999284744263,"z":-12.34000015258789},"rotation":{"x":0.13894839584827424,"y":-0.03595876321196556,"z":0.0049917930737137798,"w":0.9895651936531067},"size":0.5622108578681946,"orthographic":false}