{"cameraMode":{"drawMode":0,"name":"Shaded","section":"Shading Mode"},"sceneLighting":false,"audioPlay":false,"sceneViewState":{"showFog":true,"showMaterialUpdate":false,"showSkybox":false,"showFlares":true,"showImageEffects":true,"showParticleSystems":true},"in2DMode":false,"pivot":{"x":4.9874958992004398,"y":0.36517953872680666,"z":-0.21530449390411378},"rotation":{"x":-0.04947137087583542,"y":-0.015294881537556649,"z":-0.0007728353957645595,"w":0.9986191987991333},"size":1.9589208364486695,"orthographic":false}