{"cameraMode":{"drawMode":0,"name":"Shaded","section":"Shading Mode"},"sceneLighting":false,"audioPlay":false,"sceneViewState":{"showFog":true,"showMaterialUpdate":false,"showSkybox":false,"showFlares":true,"showImageEffects":true,"showParticleSystems":true},"in2DMode":false,"pivot":{"x":6.359999656677246,"y":-3.6399998664855959,"z":-5.960464477539063e-8},"rotation":{"x":0.0149728087708354,"y":0.05514758080244064,"z":-0.0008759181946516037,"w":0.9983011484146118},"size":1.634013295173645,"orthographic":false}