{"cameraMode":{"drawMode":0,"name":"Shaded","section":"Shading Mode"},"sceneLighting":false,"audioPlay":false,"sceneViewState":{"showFog":true,"showMaterialUpdate":false,"showSkybox":false,"showFlares":true,"showImageEffects":true,"showParticleSystems":true},"in2DMode":false,"pivot":{"x":12.545804977416993,"y":7.41897439956665,"z":-1.3576669692993165},"rotation":{"x":0.10708846896886826,"y":0.11277218908071518,"z":-0.012245552614331246,"w":0.9877183437347412},"size":32.02838134765625,"orthographic":false}