{"cameraMode":{"drawMode":0,"name":"Shaded","section":"Shading Mode"},"sceneLighting":false,"audioPlay":false,"sceneViewState":{"showFog":true,"showMaterialUpdate":false,"showSkybox":false,"showFlares":true,"showImageEffects":true,"showParticleSystems":true},"in2DMode":false,"pivot":{"x":-2.2229998111724855,"y":0.21693609654903413,"z":7.247418403625488},"rotation":{"x":0.33496204018592837,"y":-0.09972242265939713,"z":0.03517751023173332,"w":0.9363173246383667},"size":1.1043846607208253,"orthographic":false}