{"cameraMode":{"drawMode":0,"name":"Shaded","section":"Shading Mode"},"sceneLighting":false,"audioPlay":false,"sceneViewState":{"showFog":true,"showMaterialUpdate":false,"showSkybox":false,"showFlares":true,"showImageEffects":true,"showParticleSystems":true},"in2DMode":false,"pivot":{"x":0.23289990425109864,"y":0.9649999737739563,"z":0.06949996948242188},"rotation":{"x":0.21320700645446778,"y":-0.306354820728302,"z":0.0704302117228508,"w":0.9249140024185181},"size":9.993284225463868,"orthographic":false}