{"cameraMode":{"drawMode":0,"name":"Shaded","section":"Shading Mode"},"sceneLighting":false,"audioPlay":false,"sceneViewState":{"showFog":true,"showMaterialUpdate":false,"showSkybox":false,"showFlares":true,"showImageEffects":true,"showParticleSystems":true},"in2DMode":false,"pivot":{"x":0.23999997973442079,"y":0.6800000071525574,"z":-13.843999862670899},"rotation":{"x":0.21761052310466767,"y":-0.4555175304412842,"z":0.11557897925376892,"w":0.8552799820899963},"size":0.4790682792663574,"orthographic":false}