{"cameraMode":{"drawMode":0,"name":"Shaded","section":"Shading Mode"},"sceneLighting":true,"audioPlay":false,"sceneViewState":{"showFog":true,"showMaterialUpdate":true,"showSkybox":true,"showFlares":true,"showImageEffects":true,"showParticleSystems":true},"in2DMode":false,"pivot":{"x":50.1841926574707,"y":0.9927297830581665,"z":95.39035034179688},"rotation":{"x":-0.037211619317531589,"y":-0.12314029037952423,"z":0.004688951652497053,"w":-0.9918732643127441},"size":117.80310821533203,"orthographic":false}